Sample Name,Lab Number,Date,Sample Label,UTM east,UTM north,Elevation,Temp C,pH,Li,Na,K,Ca,Mg,SiO2,B,Cl,F,SO4,HCO3,CO3,NH4,As,Rb,Cs,Sr,Ba,Fe,Mn
Meager Creek (S60),,,,,,0,59,6.2,,,,,,,,,,,,,,,,,,,,
Meager Creek (N.S-B.G 1974),,27034,,,,0,59,7.2,1.2,450,47,81,25,164,2,675,-1,110,468,,,-0.2,,,-0.05,0.1,,0.2
Meager Creek (N.S-B.G 1974),,27117,MDH-1,,,0,,,,430,27,85,,,,650,,,513,,,,,,,,,
Meager Creek (N.S-B.G 1974),,27117,MDH-2,,,0,,,,440,27,85,,,,,,,,,,,,,,,,
Meager Creek (N.S-B.G 1974),,27117,MDH-3,,,0,,,,,,,,151,,,,,,,,,,,,,,
Meager Creek (Souther 1976),,,,,,0,56,,,410,84,78,24.5,201,,,,,,,,,,,,,,
Meager Creek (Souther 1976),,,,,,0,58,,,440,91,89,27.3,220,,,,,,,,,,,,,,
Meager Creek (Souther 1976),,,,,,0,55,,,450,47,81,25,164,,675,,110,468,,,,,,,,,
Meager Creek (Hammerstrom 1977),,27974,01,,,0,31.4,6.5,,165,23.7,92,15.4,56,,133,,25,503,,,,,,,,0.45,0.45
Meager Creek (Hammerstrom 1977),,27974,03,,,0,30,6.8,,248,27,83.5,17.1,54,,295,,50,260,,,,,,,,0.5,0.95
Meager Creek (Hammerstrom 1977),,27975,05,,,0,48.5,6.4,,347,44,92,24.8,80.5,,428,,65,450,,,,,,,,0,0.92
Meager Creek (Hammerstrom 1977),,27975,06 (GSC1),,,0,56,6.05,,377,46.2,94,34.1,92,,466,,170,458,,,,,,,,0.15,0.65
Meager Creek (Hammerstrom 1977),,28094,17 (GSC1),,,0,56.5,6.15,,410,52,105,40.5,96,,500,,180,686,,,,,,,,0.3,0.65
Meager Creek (Hammerstrom 1977),,28094,18,,,0,50,6.6,,390,48.5,92,31,102,,500,,145,595,,,,,,,,0,0.34
Meager Creek (Grasby 2000),,,,466958,5602533,0,47,7.2,1.15,419,44.6,77.5,24.7,172,,543,,125,445,,,,,,2.4,,.05,0.257
Meager Creek (vent #19; Clark et al 1980),,29007,,467136,5602816,0,49.8,6.24,,440,50,78,24.5,142,,605,,130,437,,,,,,,,,
"Meager Creek main vent (Table 1, GT7, N.S-B.G 1975)",,27332,,466958,5602533,0,57.5,6.6,,330,54,51,15,150,,600,,190,504,,,,,,,,,
"Meager Creek main vent (NSBG 1981; Michael and Fritz, 1979)",,28836,,466958,5602533,0,,,,435,55.7,85,26,189,,661,,152,330,,,,,,,,,
"Meager Creek main vent (NSBG, 1981; NSBG 1980)",,29031,,466958,5602533,0,50.1,6.54,,439,45.5,81.9,26.2,162,,528,,122,464,,,,,,,,0.12,0.64
"Meager Creek main vent (NSBG, 1981; Shenker, 1980)",,29160,,466958,5602533,0,57,6.6,1.2,400,43,80,24,170,3.3,560,0.3,110,350,,,,,,,,,
"Meager Creek main vent (NSBG, 1981; Shenker, 1980)",,29160,,466958,5602533,0,47.5,6.5,,440,46,86,24,180,,600,0.3,120,400,,,,,,,,,
Upper Meager Creek (Spring 79D) (NSBG 1975),,27332,,466958,5602533,0,33,6.7,,150,32,40,,108,,275,,76,387,,,,,,,,,
Pebble Creek (S59),,,,,,0,60,6.5,,,,,,,,,,,,,,,,,,,,
Pebble Creek (Souther 1976),,,,,,0,59.5,7.9,,415,10,54,5.3,99,,,,,,,,,,,,,,
Pebble Creek main vent (N.S-B.G 1974),,27034,,,,0,60,8,1.2,425,14.5,30,4.7,75.5,1,100,5,-1,757,,,-0.2,,,-0.05,0.01,,0.01
Pebble Creek main vent (Hammerstrom 1977),,28004,08,,,0,59,6.85,,396,18.2,42,6.1,43,,67,,278,992,,,,,,,,0.15,0.1
Pebble Creek main vent (Hammerstrom 1977),,28094,13,,,0,59,6.7,,405,18.9,32.5,7,60,,71,,385,1053,,,,,,,,0.15,0.11
Pebble Creek main vent (NSBG 1981; Michael and Fritz 1979),,28772,,,,0,,,,423,17.3,33.3,4.7,84.9,,81.8,,329,724,,,,,,,,,
Pebble Creek main vent (NSBG 1981; Michael and Fritz 1979),,28836,,,,0,,,,388,16.4,33.2,4.7,78.6,,86.6,,317,718,,,,,,,,,
Pebble Creek main vent (NSBG 1981; Shenker 1980),,29160,,,,0,60,6.8,0.9,430,14,41,5.3,84,1,100,10,310,630,,,,,,,,,
Pebble Creek main vent (NSBG 1981; Clark et al 1980),,29030,,,,0,59.8,6.88,,426,13.8,32.7,4.73,79,,83.3,,288,763,,,,,,,,0.13,0.19
Pebble Creek (Hammerstrom 1977),,28004,07,,,0,53.5,7.7,,410,13.8,44,6.6,40,,72,,315,992,,,,,,,,0,0.09
Pebble Creek (Hammerstrom 1977),,28094,12,,,0,50.5,8,,418,18.9,39,7,44,,72,,340,1068,,,,,,,,0,0.09
Pebble Creek vent # 7 (NSBG 1981; Clark et al 1980),,29107,,,,0,57,6.6,,419,14.1,35.3,5.11,67.5,,62.4,,316,735,,,,,,,,-0.1,0.15
Placid Hot Springs Vent 2 (NSBG 1981; Clark et al 1980),,29088,,,,0,45.1,5.89,,433,53.5,114,27.6,138,,674,,174,398,,,,,,,,0.35,0.76
"No Good Warm Spring #1 (NSBG 1981; Hammerstrom and Brown, 1977)",,27974,,,,0,30,6.8,,248,27,83.5,17.1,54,,295,,50,260,,,,,,,,,
"No Good Warm Spring #1 (NSBG 1981; Clark et al, 1980)",,29031,,,,0,38.8,6.47,,,,,,,,,,,404,,,,,,,,,
"No Good Warm Spring #1 (NSBG 1981; Clark et al, 1980)",,29085,,,,0,40.4,6.34,,,,,,,,,,,409,,,,,,,,,
"No Good Warm Spring #1 (NSBG 1981; Shenker, 1980)",,29160,,,,0,34.5,6.4,,320,32,88,16,120,,470,,110,310,,,,,,,,,
No Good Warm Spring #2 (NSBG 1981; NSBG 1975),,29158,,,,0,33,6.7,,150,32,40,7.6,108,,275,,76,387,,,,,,,,,
"No Good Warm Spring #2 (NSBG 1981; Hammerstrom and Brown, 1977)",,27974,,,,0,31.4,6.5,,165,23.7,92,15.4,56,,133,,25,503,,,,,,,,,
"No Good Warm Spring #2 (NSBG 1981; Clark et al, 1980)",,29031,,,,0,29.5,6.82,,175,22.4,75.6,13.7,101,,196,,69,382,,,,,,,,,
"No Good Warm Spring #2 (NSBG 1981; Clark et al, 1980)",,29085,,,,0,29.9,6.65,,,,,,,,,,,379,,,,,,,,,
"No Good Warm Spring #2 (NSBG 1981; Clark et al, 1980)",,29160,,,,0,29.5,6.8,,160,22,82,14,110,,180,,66,300,,,,,,,,,
Boundary Cold Springs (NSBG 1981; Clark et al 1980),,29097,,,,0,4.5,8.31,,4.84,0.54,12.2,5.42,6,,-0.2,,2.02,66.3,,,,,,,,-0.1,0.01
CaCO3 Cold Springs (NSBG 1981; NSBG 1975),,27667,,,,0,8.5,7.96,,3.2,0.16,95,9.6,21,,0.5,,44,278,,,,,,,,,
CaCO3 Cold Springs (NSBG 1981; Shenker 1980),,29160,,,,0,7,7.3,,3,2,120,15,10,,1.2,,47,300,,,,,,,,,
CaCO3 Cold Springs (NSBG 1981; Clark et al 1980),,29028,,,,0,5.6,7.62,,3.2,1.75,98.6,12.5,8.9,,-0.8,,8.95,370,,,,,,,,,
Moria Cold Spring #1 (Clark et al 1980),,29068,,,,0,8.5,7.91,,4.5,3.31,110,38.5,6.7,,0.34,,124,395,,,,,,,,,
Problem Cold Spring #1 (Clark et al 1980),,29007,,,,0,9,7.65,,11.9,5,106,44.9,10.9,,0.8,,36.1,594,,,,,,,,,
Fall Creek Cold Spring #1 (Clark et al 1980),,29068,,,,0,3.9,5.92,,6,1.8,5.4,2.6,52.8,,0.8,,8.55,36.8,,,,,,,,,
L1-78D (78-H-1) Cold Spring #1 (Clark et al 1980),,29007,,,,0,4.6,7.18,,16,0.67,3.5,1.01,36.5,,0.8,,3.48,40.8,,,,,,,,,
Affliction Creek Cold Spring at toe of Afflict Glacier (NSBG 1977),,28034,,,,0,0,6.38,,7.9,2.9,26,6,22,,0.3,,44,41,-0.1,,,,,,,,
"EMR-1 (NSBG 1981; Hammerstrom and Brown, 1977)",,27975,,,,0,56,6.05,,377,46.2,97,34.1,92,,466,,170,458,,,,,,,,0.15,0.65
"EMR-1 (NSBG 1981; Hammerstrom and Brown, 1977)",,28094,,,,0,56.5,6.15,,410,52,105,40.5,96,,500,,180,686,,,,,,,,0.3,0.65
"EMR-1 (NSBG 1981; Michael and Fritz, 1979)",,28772,,,,0,,,,423,51.9,108,37,170,,652,,182,521,,,,,,,,,
"EMR-1 (NSBG 1981; Michael and Fritz, 1979)",,28836,,,,0,,,,423,52.9,109,37,169,,697,,189,413,,,,,,,,,
"EMR-1 (NSBG 1981; Clark et al, 1980)",,29086,,,,0,58.4,6.06,,424,48.4,107,36.2,155,,571,,182,526,,,,,,,,0.14,1.2
"EMR-1 (NSBG 1981; Shenker, 1980)",,29160,,,,0,68.5,6.6,,440,46,120,38,180,,630,0.3,180,430,,,,,,,,,
"M1-74D (NSBG 1981; Clark et al, 1980)",,29088,,,,0,52.3,6.23,3.3,2390,98.1,223,90.3,104,22,2640,,2370,1273,,,,,,,,0.16,0.67
"M1-74D (NSBG 1981; Clark et al, 1980)",,29160,,,,0,56,6.6,,2400,79,400,94,110,,2700,0.9,2200,1000,,,,,,,,,
M2-75D (NSBG 1981; NSBG 1975),,27655,,,,0,10.5,,,20.8,7.8,3.1,14,40,,0.3,,12,183,,,,,,,,,
M2-75D (NSBG 1981; Clark et al 1980),,29107,,,,0,10.1,7.7,,23,6.93,32.9,18,15.5,,0.56,,22.6,233,,,,,,,,0.1,0.5
"M6-79D (NSBG 1981, NSBG 1980)",,29037,,,,0,,,,10.1,6.82,209,41.4,23.8,,0.89,,16.1,883.2,,,,,,,,0.1,0.69
"M6-79D (NSBG 1981, NSBG 1980)",,29068,,,,0,,,,9,11,240,42,52,,0.4,,15,910,,,,,,,,,
M7-79D (NSBG 1981),,29552,,,,0,,8.09,,28,4.2,72,8,14,,40,0.18,47,200,,,,,,,,0.48,0.11
M12-80D (NSBG 1981),,29544,,,,0,,6.53,,2800,130,440,360,110,28.2,3300,,2800,499,,,,,,,,,
M12-80D (NSBG 1981),,29552,,,,0,,7.09,,2800,70,370,280,52,22.8,1900,0.4,2000,2200,,,,,,,,5.3,0.75
MC-1  MM-32,,,,,,0,,6.7,1.7,820,48,410,97,87,9.2,1060,0.15,950,990,,-0.5,0.07,,,,,,
MC-1  MM-35,,,,,,0,,7,2,700,69,3,65,140,7.2,870,0.4,400,966,,-0.5,0.09,,,,,,
MC-1  MM-36,,,,,,0,,7.7,-0.1,24,1.6,15,3.5,21,-1,0.55,-0.1,-5,50,,-0.5,-0.01,,,,,,
MC-1  15/03/1982,,,,,,0,,,,,,,,,,1230,,,,,,,,,,,,
MC-1  17/03/1982,,,,,,0,,8.4,2.5,1050,74,26,0.2,430,7.9,1440,2.9,210,74,,-0.5,0.39,,,,,,
MC-1  24/03/1982,,,,,,0,,,,,,,,,,1270,,,,,,,,,,,,
MC-1  31/03/1982,,,,,,0,,,,,,,,,,1310,,,,,,,,,,,,
MC-1  04/04/1982,,,,,,0,,,,,,,,,,1260,,,,,,,,,,,,
MC-1  20/04/1982,,,,,,0,,,,,,,,,,1410,,,,,,,,,,,,
MC-1  10/06/1982,,,,,,0,,,,,,,,,,1570,,,,,,,,,,,,
MC-1  07/07/1982,,,,,,0,,8.3,3.3,1130,84,36,0.2,320,11,1660,2.1,160,80,,0.8,0.75,,,,,,
MC-1  09/07/1982,,,,,,0,,6.3,3.1,1100,80,31,0.4,350,10.8,1640,2.2,150,53,,0.9,0.65,,,,,,
MC-1  22/07/1982am1,,,,,,0,,8.6,2.9,1160,82,43,0.2,300,9.7,1770,2.2,160,64,,-0.5,0.07,,,,,,
MC-1  22/07/1982pm2,,,,,,0,,8.5,2.5,980,74,42,0.5,300,8.6,1520,2,140,54,,-0.5,0.05,,,,,,
MC-1  22/07/1982web1,,,,,,0,,7.9,2.8,1100,80,44,0.2,280,9.3,1680,2.2,150,79,,-0.5,0.08,,,,,,
MC-1  22/07/1982web2,,,,,,0,,8.2,2.8,1110,82,46,0.3,340,9.2,1690,2.2,150,71,,-0.5,0.13,,,,,,
MC-1  17/08/1982  1000,,,,,,0,,8.3,2.9,1100,88,39,0.6,363,11.8,1780,2.1,140,52,,0.5,0.77,,,,,,
MC-1  10/09/1982  0900,,,,,,0,,8.3,2.5,870,74,134,1.4,370,9.8,1360,1.4,210,245,,-0.5,0.76,,,,,,
MC-1  12/09/1982  0400,,,,,,0,,8.1,3.4,1400,102,60,0.3,324,14.6,2130,2.3,220,119,,-0.5,0.39,,,,,,
MC-1  13/09/1982  1300,,,,,,0,,7.5,13.6,1350,105,91,0.6,280,14.8,2190,2.2,150,32,,-0.5,0.98,,,,,,
MC-1  14/09/1982  1030,,,,,,0,,8.5,3.3,1320,106,73,0.6,171,14,1940,2.6,140,70,,0.5,0.56,,,,,,
MC-1  14/09/1982  1100,,,,,,0,,8.3,3.3,1310,114,62,0.4,168,13.6,1980,2.8,140,50,,-0.5,0.64,,,,,,
MC-1  14/09/1982  1200,,,,,,0,,8.2,3.5,1330,106,54,0.4,159,14.1,2000,2.7,150,50,,-0.5,0.73,,,,,,
MC-1  14/09/1982  1100,,,,,,0,,8,3.2,1140,104,55,0.4,185,12.1,1790,2.6,120,50,,0.7,0.59,,,,,,
MC-1  14/09/1982 1130,,,,,,0,,8.2,3.2,1220,104,53,0.4,165,13.6,1910,2.7,130,48,,0.5,0.73,,,,,,
MC-1  25/09/1982,,,,,,0,,8.4,3.2,1210,94,36,0.6,373,13.1,1930,2.2,150,46,,0.6,0.62,,,,,,
MC-1  27/09/1982,,,,,,0,,8.5,3.1,1210,95,37,0.8,376,12.4,1940,2,140,41,,-0.5,0.58,,,,,,
MC-1  01/10/1982,,,,,,0,,8.3,3.3,1260,99,37,1,374,13.4,1990,2.3,140,57,,-0.5,0.8,,,,,,
MC-1  09/10/1982,,,,,,0,,8.3,3.3,1250,98,37,1,217,13,1930,2.3,130,50,,0.5,0.84,,,,,,
MC-1  18/10/1982  1200,,,,,,0,,8.4,3.4,1290,108,38,0.8,390,13,2070,2.1,130,46,,-0.5,0.89,,,,,,
MC-1  21/10/1982  1200,,,,,,0,,,,1200,104,39,,370,,1990,,,,,,,,,,,,
MC-1  23/10/1982  1200,,,,,,0,,8.3,3.3,1260,98,40,0.8,370,12.8,1990,2.1,120,52,,-0.5,0.77,,,,,,
MC-1  24/10/1982  1200,,,,,,0,,8.2,3.4,1320,100,37,1,390,13.2,2030,2,130,69,,-0.5,0.3,,,,,,
MC-1  25/10/1982  1200,,,,,,0,,8.2,3.4,1320,101,37,1,400,13.8,2040,2.1,130,68,,-0.5,0.7,,,,,,
MC-1  28/10/1982  2400,,,,,,0,,8.7,2,740,59,33,0.8,340,7.6,1090,1.8,170,51,,-0.5,0.11,,,,,,
MC-1  29/10/1982  0800,,,,,,0,,8.2,2.9,1130,92,47,1,370,11.6,1720,1.9,160,52,,-0.5,0.07,,,,,,
MC-1  29/10/1982  2400,,,,,,0,,8.7,3.7,1440,114,82,1.5,400,14.5,2210,2.3,190,54,,-0.5,0.23,,,,,,
MC-1  29/10/1982  1600,,,,,,0,,,,1190,99,59,,400,,1830,,,,,,,,,,,,
MC-1  30/10/1982  0800,,,,,,0,,8.6,3.4,1310,101,74,4.6,290,13.7,2020,2,170,51,,-0.5,0.2,,,,,,
MC-1  30/10/1982  2400,,,,,,0,,8.4,3.6,1420,106,64,20,330,15,2210,2.6,190,63,,-0.5,0.18,,,,,,
MC-1  30/10/1982  1600,,,,,,0,,,,1330,104,87,,380,,2070,,,,,,,,,,,,
MC-1  31/10/1982  0830,,,,,,0,,8.1,3.9,1480,126,65,23,330,15.4,2270,2.8,170,61,,-0.5,0.32,,,,,,
MC-1  06/11/1982  1200,,,,,,0,,,,1050,76,41,,310,,1660,,,,,,,,,,,,
MC-1  07/11/1982  1200,,,,,,0,,8.4,3.3,1190,97,41,1.2,360,12.6,1940,1.9,150,43,,-0.5,0.79,,,,,,
MC-1  08/11/1982  1200,,,,,,0,,,,1270,98,40,,370,,2010,,,,,,,,,,,,
MC-1  09/11/1982  1200,,,,,,0,,8.2,3.2,1170,95,37,1.2,340,11.9,1870,1.8,130,46,,-0.5,0.85,,,,,,
MC-1  10/11/1982  1213,,,,,,0,,,,1420,112,44,,400,,2200,,,,,,,,,,,,
MC-1  11/11/1982  0715,,,,,,0,,8.3,3.3,1210,100,37,1.2,370,12.8,1990,1.9,140,45,,-0.5,1,,,,,,
MC-1  11/11/1982  0945,,,,,,0,,8.3,3.5,1220,100,37,1.3,390,13.4,2030,2,130,48,,-0.5,1,,,,,,
MC-1  11/11/1982  0945,,,,,,0,,8.3,3.3,1180,96,36,1.2,360,12.2,1940,1.9,130,45,,0.5,0.88,,,,,,
MC-1  15/11/1982  1200,,,,,,0,,8.1,1.9,750,61,36,1.7,220,8.1,1210,1.3,86,46,,-0.5,0.49,,,,,,
MC-1  19/11/1982  1100,,,,,,0,,,,1240,99,39,,360,,2010,,,,,,,,,,,,
MC-1  20/11/1982  1100,,,,,,0,,8.3,3.2,1270,100,37,1.2,360,13.1,1980,2,130,45,,-0.5,0.89,,,,,,
MC-1  21/11/1982  1100,,,,,,0,,,,1240,95,36,,360,,1990,,,,,,,,,,,,
MC-1  23/11/1982  1100,,,,,,0,,8.3,3.2,1270,100,36,1.3,360,12.8,1970,2,130,44,,-0.5,1,,,,,,
MC-1  23/11/1982  1400,,,,,,0,,7,2.4,940,75,27,0.9,260,10.3,1490,1.5,96.8,54,,1,0.65,,,,,,
MC-1  24/11/1982  1100,,,,,,0,,,,1260,103,37,,360,,1990,,,,,,,,,,,,
MC-1  28/11/1982am,,,,,,0,,8.3,3.3,1280,93,36,1.3,370,13.3,1990,2,140,39,,-0.5,0.88,,,,,,
MC-1  01/12/1982pm,,,,,,0,,8.3,3.3,1280,93,37.1,1.4,390,13.3,1990,2,130,40,,-0.5,0.88,,,,,,
MC-1  06/12/1982  1400,,,,,,0,,8.2,3.3,1270,93,36.5,1.4,370,13.5,1990,2,140,41,,-0.5,0.87,,,,,,
MC-1  09/12/1982  1400,,,,,,0,,8.3,3.2,1260,92,36.5,1.4,380,13.8,2000,2,140,37,,-0.5,1,,,,,,
MC-1  12/12/1982  1000,,,,,,0,,8.3,3.3,1260,93,36,1.4,380,13.4,2080,2,140,39,,-0.5,0.96,,,,,,
MC-1  15/12/1982  0900,,,,,,0,,8.4,3.3,1270,92,35.5,1.4,380,13.8,1990,2,140,38,,-0.5,0.96,,,,,,
MC-1  19/12/1982  0900,,,,,,0,,8.3,3.4,1280,93,36,1.4,370,13.6,1990,2,140,38,,-0.5,0.93,,,,,,
MC-1  23/12/1982  0900,,,,,,0,,8.3,3.2,1310,110,36,1.6,390,14,2000,2.1,130,44,,-0.5,0.85,,,,,,
MC-1  26/12/1982  1200,,,,,,0,,8.3,3.3,1290,110,37,1.5,370,13.4,1990,2.1,130,44,,-0.5,1,,,,,,
MC-1  29/12/1982  1200,,,,,,0,,8.3,3.3,1290,113,46,1.4,370,13.6,2010,2.1,140,44,,-0.5,0.92,,,,,,
MC-1  02/01/1983  1600,,,,,,0,,8.7,3.2,1290,110,37,1.4,380,13.6,1980,2.1,140,66,,-0.5,0.84,,,,,,
MC-1  05/01/1983  1300,,,,,,0,,8.2,3.1,1270,112,36,1.4,380,14,1980,1.9,130,45,,-0.5,1.1,,,,,,
MC-1  09/01/1983  0900,,,,,,0,,8.2,3.1,1270,118,36,1.4,370,13.5,1970,1.9,120,45,,-0.5,1,,,,,,
MC-1  13/01/1983  1500,,,,,,0,,8.2,3.1,1280,112,36,1.3,390,14,1990,2,120,45,,-0.5,0.92,,,,,,
MC-1  16/01/1983  1500,,,,,,0,,8.2,3.2,1280,118,36,1.3,380,13.8,1990,2,120,45,,-0.5,1.1,,,,,,
MC-1  20/01/1983  1300,,,,,,0,,8.3,3.1,1280,120,38,1.3,360,13.9,1960,1.9,120,45,,-0.5,1.1,,,,,,
MC-1  30/01/1983  0900,,,,,,0,,8.4,3.3,1380,125,45,1.2,350,15,2100,2.1,130,47,,-0.5,1.1,,,,,,
MC-1  02/02/1983  1200,,,,,,0,,8.6,3.9,1520,117,58,0.7,390,15.1,2280,2.5,130,8.6,,-0.5,1.1,,,,,,
MC-1  06/02/1983  1730,,,,,,0,,8.5,3.4,1360,106,52,0.4,350,13.6,1930,2.2,140,38,,-0.5,1,,,,,,
MC-1  09/02/1983  1500,,,,,,0,,7.1,3.2,1180,97,55,3.8,360,12.7,1870,1.9,120,126,,-0.5,1,,,,,,
MC-1  13/02/1983  2030,,,,,,0,,8.6,3.7,1420,110,45,0.2,390,15.1,2220,2.3,140,40,,-0.5,1.1,,,,,,
MC-1  19/02/1983  1200,,,,,,0,,8.4,3.6,1320,106,39,1.1,370,14,2090,2.2,150,42,,-0.5,1.1,,,,,,
MC-1  24/02/1983  0900,,,,,,0,,8.4,3.6,1330,107,38,1.3,380,14.1,2100,2.2,140,35,,-0.5,1.1,,,,,,
MC-1  27/02/1983  0900,,,,,,0,,8.4,3.6,1290,109,38,1.4,380,14,2080,2.1,160,35,,-0.5,1,,,,,,
MC-1  02/03/1983  1330,,,,,,0,,8.4,3.4,1300,117,39,1.5,380,14.4,2060,2.8,130,33,,-0.5,1,,,,,,
MC-1  06/03/1983  0900,,,,,,0,,8.3,3.4,1330,116,39,1.5,370,14.3,2040,2.7,130,36,,-0.5,1,,,,,,
MC-1  09/03/1983  0900,,,,,,0,,8.4,3.4,1320,114,39,1.5,370,14,2030,2.7,130,34,,-0.5,1,,,,,,
MC-1  13/03/1983  0900,,,,,,0,,8.4,3.4,1320,109,40,1.4,380,13.9,2060,2.8,130,35,,-0.5,1,,,,,,
MC-1  16/03/1983  0900,,,,,,0,,8.4,3.3,1310,111,38,1.5,380,13.6,2050,2.7,130,34,,-0.5,1,,,,,,
MC-1  20/03/1983  0900,,,,,,0,,8.4,3.4,1280,110,39,1.5,380,14.5,2040,2.7,130,34,,-0.5,0.9,,,,,,
MC-1  23/03/1983  0900,,,,,,0,,8.4,3.4,1290,114,39,1.5,380,13.8,2040,2.7,130,34,,-0.5,1,,,,,,
MC-1  27/03/1983  0900,,,,,,0,,8.4,3.3,1310,113,40,1.5,370,14.6,2030,2.7,130,34,,-0.5,0.9,,,,,,
MC-1  30/03/1983,,,,,,0,,8.5,3.4,1290,110,38.6,1.3,380,15,2060,2,140,40,,-0.5,0.8,,,,,,
MC-1  03/04/1983,,,,,,0,,8.5,3.5,1420,120,41.9,0.5,410,16,2230,2.2,140,42,,-0.5,0.9,,,,,,
MC-1  06/04/1983,,,,,,0,,8.4,3.5,1320,110,38.8,0.4,410,15,2130,2.2,130,42,,-0.5,0.7,,,,,,
MC-1  10/04/1983,,,,,,0,,8.4,3.4,1320,110,37.6,1.4,310,14,2060,2,140,43,,-0.5,0.8,,,,,,
MC-1  14/04/1983 ,,,,,,0,,8.4,3.4,1310,120,36.2,1.5,370,14,2030,2,140,43,,-0.5,0.7,,,,,,
MC-1  18/04/1983,,,,,,0,,8.4,3.3,1280,110,36.2,1.6,380,13,2040,2,140,43,,-0.5,0.8,,,,,,
MC-1  21/04/1983,,,,,,0,,8.4,3.3,1360,120,37.9,1.6,380,14,2020,1.9,140,44,,-0.5,0.9,,,,,,
MC-1  24/04/1983,,,,,,0,,8.4,3.3,1260,110,36,1.6,390,14,2010,1.9,140,43,,-0.5,1,,,,,,
MC-1  27/04/1983,,,,,,0,,8.4,3.4,1310,110,36.5,1.6,390,14,2020,1.9,140,42,,-0.5,1,,,,,,
MC-1  01/05/1983,,,,,,0,,8.4,3.3,1280,110,36.1,1.6,380,14,2010,1.9,140,43,,-0.5,0.9,,,,,,
MC-1  04/05/1983,,,,,,0,,8.4,3.3,1270,110,34.2,1.6,380,15,2010,1.9,130,40,,-0.5,1.1,,,,,,
MC-1  08/05/1983,,,,,,0,,8.4,3.4,1290,110,36,1.6,350,15,2000,1.9,140,43,,-0.5,0.9,,,,,,
MC-1  12/05/1983  0930,,,,,,0,,8.4,3.2,1280,100,35,1.5,370,14,2000,2.2,140,43,,-0.5,1,,,,,,
MC-1  05/06/1983  0900,,,,,,0,,8.3,3.2,1350,110,34,1.5,380,14,2000,2.2,130,42,,-0.5,1,,,,,,
MC-1  09/06/1983  0900,,,,,,0,,8.4,3.2,1250,100,34,1.5,370,14,2000,2.2,120,44,,-0.5,1.2,,,,,,
MC-1  12/06/1983  0900,,,,,,0,,8.4,3.2,1240,100,34,1.5,370,14,2000,2.2,150,41,,-0.5,1,,,,,,
MC-1  16/06/1983,,,,,,0,,8.3,3.3,1240,100,34,1.5,370,14,2010,2.2,150,44,,-0.5,1,,,,,,
MC-1  19/06/1983,,,,,,0,,8.4,3.3,1240,100,34,1.5,360,14,2010,2.2,150,44,,-0.5,1,,,,,,
MC-1  22/06/1983,,,,,,0,,8.4,3.3,1270,110,33,1.7,400,14,2010,2.1,150,43,,0.3,0.9,,,,,,
MC-1  26/06/1983,,,,,,0,,8.3,3.3,1270,110,33,1.6,350,14,2010,2.1,160,42,,0.3,0.8,,,,,,
MC-1  29/06/1983,,,,,,0,,8.4,3.4,1270,110,33,1.6,350,14,2000,2.1,150,41,,0.3,0.7,,,,,,
MC-1  03/07/1983,,,,,,0,,8.4,3.4,1260,110,32,1.6,340,14,1990,2,150,41,,0.3,0.7,,,,,,
MC-1  04/09/1983,,,,,,0,,8.2,3.6,1360,110,53,0.7,280,15,2130,2.4,150,69,,0.3,1,,,,,,
MC-1  11/09/1983,,,,,,0,,8.3,3.5,1370,110,49,1,340,15,2110,2.5,120,61,,0.1,0.9,,,,,,
MC-1  18/09/1983,,,,,,0,,8.3,3.5,1370,120,50,1,360,15,2130,2.6,130,58,,0.1,1,,,,,,
MC-1  09/10/1983,,,,,,0,,8.4,3.5,1320,120,36,1.4,340,14,2040,2.5,130,39,,0.1,0.9,,,,,,
MC-1  16/10/1983,,,,,,0,,8.4,3.5,1300,120,36,1.5,330,14,2030,2.4,130,38,,0.1,0.9,,,,,,
MC-1  23/10/1983,,,,,,0,,8.3,3.5,1260,110,35,1.5,340,14,2030,2.5,140,38,,0.1,0.8,,,,,,
MC-1  05/12/1983  0900,,,,,,0,,8.5,3.4,1330,120,34,1.4,220,14,1430,2,88,29,,0.1,0.9,,,,,,
MC-1  05/12/1983,,,,,,0,,8.3,2.8,1040,90,26,1.1,270,11,2030,1.6,140,36,,0.2,0.7,,,,,,
MC-1  11/12/1983  0900,,,,,,0,,8.5,2.9,1098,92,27,1.1,280,12,1330,1.7,83,28,,-0.1,0.7,,,,,,
MC-1  11/12/1983,,,,,,0,,8.3,3.1,1180,100,29,1.3,320,12,2020,1.8,150,36,,0.1,0.7,,,,,,
MC-1  18/12/1983  0900,,,,,,0,,8.4,2.8,1050,89,27,1.1,280,12,2010,1.7,130,43,,0.1,0.7,,,,,,
MC-1  18/12/1983,,,,,,0,,8.3,2.7,980,86,25,1.1,260,10,1550,1.5,120,29,,0.1,0.7,,,,,,
MC-1  25/12/1983  0900,,,,,,0,,8.4,3.3,1300,110,31,1.4,340,15,2020,2.1,130,42,,0.1,0.8,,,,,,
MC-1  25/12/1983,,,,,,0,,8.3,3.5,1290,110,33,1.4,360,13,2030,2,140,38,,0.1,0.8,,,,,,
MC-1  01/01/1984  0900,,,,,,0,,8.4,3.4,1290,110,32,1.3,340,14,2010,2.1,130,42,,0.1,0.8,,,,,,
MC-1  01/01/1984,,,,,,0,,8.4,3.5,1290,110,32,1.4,350,13,2030,2,140,35,,0.1,0.8,,,,,,
MC-1  12/01/1984  0900,,,,,,0,,8.4,3.3,1300,110,32,1.4,350,14,2010,2.1,130,42,,0.1,0.9,,,,,,
MC-1  15/01/1984  ,,,,,,0,,8.3,3.5,1310,110,33,1.4,350,14,2030,2,140,36,,0.1,0.8,,,,,,
MC-1  22/01/1984  0900,,,,,,0,,8.4,3.3,1310,110,31,1.3,350,14,2020,2.1,130,41,,0.1,0.8,,,,,,
MC-1  22/01/1984,,,,,,0,,8.4,3.5,1310,110,33,1.3,350,14,2020,2,140,36,,0.1,0.9,,,,,,
MC-1  29/01/1984  0900,,,,,,0,,8.4,3.3,1290,110,31,1.3,360,15,2010,2.1,130,42,,0.1,0.9,,,,,,
MC-1  29/01/1984,,,,,,0,,8.2,3.2,1230,91,46,1,310,13,2010,2,140,36,,0.2,0.9,,,,,,
MC-1  15/07/1984,,,,,,0,,8.6,3.4,1370,120,37,0.8,360,15,2140,2,130,21,,0.2,1,,,,,,
MC-1  25/07/1984,,,,,,0,,8.6,3.4,1370,120,35,0.8,360,15,2160,2.2,130,18,,0.1,1,,,,,,
MC-1  31/07/1984,,,,,,0,,8.4,3.4,1360,120,38,0.8,360,15,2150,2.1,130,29,,0.2,1,,,,,,
MC-1  09/08/1984,,,,,,0,,8.4,3.4,1380,120,38,0.8,360,15,2150,2.2,130,28,,0.1,1,,,,,,
MC-1  15/08/1984,,,,,,0,,8.4,3.4,1370,120,38,0.9,370,15,2140,2.3,120,26,,0.2,1,,,,,,
MC-1  23/08/1984,,,,,,0,,8.4,3.5,1370,120,38,0.9,370,15,2150,2.3,120,36,,0.1,0.9,,,,,,
MC-1  31/08/1984,,,,,,0,,8.4,3.5,1370,130,37,0.9,360,16,2150,2.3,120,36,,0.1,1,,,,,,
MC-1  06/09/1984,,,,,,0,,8.4,3.5,1360,120,38,0.9,370,15,2140,2.3,120,36,,-0.1,0.9,,,,,,
MC-1  13/09/1984,,,,,,0,,8.6,3.5,1350,120,37,0.8,370,15,2140,2.3,120,26,,-0.1,0.9,,,,,,
MC-1  20/09/1984,,,,,,0,,8.4,3.5,1360,120,38,0.8,370,15,2140,2.3,120,34,,-0.1,1,,,,,,
MC-1  28/09/1984,,,,,,0,,8.4,3.5,1380,130,37,0.8,370,15,2140,2.3,120,35,,-0.1,0.9,,,,,,
MC-1  04/10/1984,,,,,,0,,8.4,3.5,1350,130,37,0.9,360,14,2140,2.3,120,35,,-0.1,0.09,,,,,,
MC-2  02/06/1982,,,,,,0,,,,,,,,,,970,,,,,,-0.05,,,,,,
MC-2  03/06/1982,,,,,,0,,,2.3,720,74,28,4.2,230,7.8,,,,,,,,,,,,,
MC-2  03/06/1982,,,,,,0,,8.5,2.3,740,72,33,4.3,240,5.6,990,0.8,200,106,,-0.5,,,,,,,
MC-2  06/06/1982,,,,,,0,,8.5,,,,,,,,960,,,106,,,,,,,,,
MC-2  08/06/1982,,,,,,0,,,2.3,700,72,27,3.7,210,7.7,,,,,,,,,,,,,
MC-2  08/06/1982,,,,,,0,,8.3,,,,,,,,960,,,109,,,0.26,,,,,,
MC-2  21/10/1982  2400,,,,,,0,,,,520,53,29,,170,,720,,,,,,0.23,,,,,,
MC-2  22/10/1982  0800,,,,,,0,,8.8,1.2,400,28,50,1.5,260,3.1,580,0.8,180,30,,-0.5,,,,,,,
MC-2  23/10/1982  1000,,,,,,0,,8.6,2,700,58,58,1.7,430,6.8,1070,1.5,160,42,,-0.5,,,,,,,
MC-2  23/10/1982  0200,,,,,,0,,,,580,49,810,,340,,870,,,,,,0.17,,,,,,
MC-2  23/10/1982  2400,,,,,,0,,,,77,73,50,,430,,1220,,,,,,0.47,,,,,,
MC-2  24/10/1982  1400,,,,,,0,,2.4,2.3,820,77,55,1.8,440,9.4,1340,1.5,160,11,,-0.5,,,,,,,
MC-2  25/10/1982  0600,,,,,,0,,8.7,2.6,950,93,49,0.6,470,10.5,1490,1.6,150,32,,-0.5,0.58,,,,,,
MC-2  25/10/1982  0200,,,,,,0,,,,890,84,56,,480,,1390,,,,,,0.22,,,,,,
MC-2  13/11/1982  1000,,,,,,0,,8.3,3.1,1160,92,130,6.6,270,12.7,1820,1.5,180,41,,-0.5,0.95,,,,,,
MC-2  13/11/1982  1145,,,,,,0,,7.8,6.4,2120,200,450,6.5,240,20.1,7100,2.3,960,56,,1.9,0.75,,,,,,
MC-2  13/11/1982  1400,,,,,,0,,9.1,5.2,2010,180,140,6.3,320,19.9,3010,2.6,420,31,,-0.5,0.77,,,,,,
MC-2  13/11/1982  1600,,,,,,0,,8.5,3,1110,92,100,9.1,410,12.8,1760,1.8,160,42,,-0.5,0.6,,,,,,
MC-2  13/11/1982  1800,,,,,,0,,8.5,13.2,1190,104,180,17,430,12.9,1900,2.2,190,25,,-0.5,,,,,,,
MC-2  13/11/1982  1900,,,,,,0,,7,15,5250,450,760,2.2,130,52,8300,7.2,1400,58,,-0.5,,,,,,,
MC-3  15/10/1982  1700,,,,,,0,,,,590,44,26,,170,,770,,,,,,,,,,,,
MC-3  16/10/1982  1900,,,,,,0,,9.1,1.7,770,52,32,0.8,340,6,850,1.7,420,101,,-0.5,0.06,,,,,,
MC-3  16/10/1982  0100,,,,,,0,,8.8,1.5,660,44,15,0.7,300,4.8,740,1.2,350,107,,-0.5,-0.05,,,,,,
MC-3  16/10/1982  1000,,,,,,0,,,,750,55,24,,300,,820,,,,,,,,,,,,
MC-3  19/10/1982  2000,,,,,,0,,,,1060,76,41,,250,,1370,,,,,,,,,,,,
MC-3  20/10/1982  1600,,,,,,0,,9.6,2.4,1180,78,106,2.7,450,10.4,1360,2.6,590,39,,-0.5,0.26,,,,,,
MC-3  20/10/1982  1000,,,,,,0,,,,1090,84,32,,270,,1430,,,,,,,,,,,,
MC-3  21/10/1982  1000,,,,,,0,,8.5,2.6,1130,79,26,2.9,260,9.6,470,1.2,400,114,,-0.5,0.3,,,,,,
MC-3  21/10/1982  2400,,,,,,0,,,,930,69,25,,340,,1090,,,,,,,,,,,,
MC-3  21/10/1982  1400,,,,,,0,,,,840,63,52,,320,,980,,,,,,,,,,,,
MC-3  25/10/1982  2000,,,,,,0,,8.3,0.7,290,27,50,1.9,240,1.6,250,0.7,370,68,,-0.5,-0.05,,,,,,
MC-3  26/10/1982  0400,,,,,,0,,8.4,1,450,37,26,1.8,290,3.3,450,1,390,87,,-0.5,-0.05,,,,,,
MC-3  26/10/1982  2000,,,,,,0,,9.3,1.7,810,61,118,2.3,380,6.1,900,1.8,550,91,,-0.5,0.12,,,,,,
MC-3  26/10/1982  1200,,,,,,0,,,,620,46,25,,290,,674,,,,,,,,,,,,
MC-3  27/10/1982  0900,,,,,,0,,8.7,1.4,630,51,28,2.4,320,5.1,750,1.2,390,111,,-0.5,0.06,,,,,,
MC-3  27/10/1982  2000,,,,,,0,,,,1000,64,40,,240,,1270,,,,,,,,,,,,
MC-3  28/10/1982  1000,,,,,,0,,9.1,1.7,800,59,12,0.9,290,7.1,960,1.2,390,61,,-0.5,0.13,,,,,,
MC-3  02/11/1982  1400,,,,,,0,,8.8,1.8,770,57,20,1.6,320,6.7,950,1.3,360,101,,-0.5,0.16,,,,,,
MC-3  02/11/1982  2200,,,,,,0,,8.6,1.9,800,58,25,2.2,330,7.3,960,1.4,390,112,,-0.5,0.14,,,,,,
MC-3  09/11/1982  1200 ,,,,,,0,,8.8,2.3,960,70,19,1.4,340,8.9,1330,1.3,340,107,,-0.5,0.42,,,,,,
MC-3  09/11/1982  2000,,,,,,0,,9,2.3,970,66,29,1.9,280,9.3,1270,1.7,390,90,,-0.5,0.4,,,,,,
MC-3  09/11/1982  1600,,,,,,0,,,,970,69,16,,320,,1240,,,,,,,,,,,,
MC-3  11/11/1982  1436,,,,,,0,,8.9,2.3,970,71,13,0.8,300,9.9,1280,1.4,350,120,,-0.5,0.33,,,,,,
MC-3  11/11/1982  1834,,,,,,0,,9,2.4,1010,71,35,1.3,240,9.7,1370,1.9,410,71,,-0.5,0.43,,,,,,
MC-3  11/11/1982  1248,,,,,,0,,,,1100,76,17,,290,,1440,,,,,,,,,,,,
MC-3  11/11/1982  1634,,,,,,0,,,,970,68,12,,320,,1210,,,,,,,,,,,,
